t,px,py,pz,qx,qy,qz,qw
16.3497,0.0604233,-0.0334061,0.0647154,0.668408,-0.225537,0.671929,0.225554
16.4164,0.0903961,-0.0146346,0.0796715,0.674257,-0.222821,0.671485,0.211743
16.4831,0.11318,0.0647086,0.0981004,0.676095,-0.225388,0.670795,0.205256
16.5499,0.12997,0.145261,0.111526,0.672686,-0.231837,0.674947,0.195428
16.6166,0.146331,0.215512,0.114406,0.668276,-0.232227,0.681162,0.188404
16.6833,0.165615,0.290224,0.11166,0.665523,-0.225847,0.687355,0.183346
16.7501,0.181021,0.371608,0.104419,0.660326,-0.229622,0.693383,0.174538
16.8168,0.198614,0.462575,0.0947615,0.659821,-0.231055,0.694166,0.171417
16.8835,0.216549,0.56681,0.0812615,0.662658,-0.227667,0.693415,0.168014
16.9503,0.236069,0.674176,0.0518637,0.67127,-0.217492,0.687494,0.171598
17.017,0.250547,0.791884,0.0264142,0.670715,-0.221778,0.686674,0.171564
17.0837,0.263479,0.920305,-0.00329313,0.670673,-0.222947,0.685719,0.174016
17.1505,0.273873,1.05874,-0.0339226,0.671,-0.223983,0.685388,0.172726
17.2172,0.285985,1.20805,-0.0684422,0.672502,-0.222657,0.684157,0.173476
17.2839,0.29426,1.36524,-0.108216,0.670838,-0.228428,0.683977,0.173124
17.3507,0.307776,1.53925,-0.15324,0.669042,-0.227022,0.686945,0.170147
17.4174,0.322594,1.72002,-0.182898,0.669677,-0.230149,0.685885,0.167708
17.4841,0.314248,1.90232,-0.218775,0.671279,-0.234013,0.684683,0.160722
17.5509,0.321937,2.08929,-0.258041,0.674356,-0.23507,0.681113,0.161465
17.6176,0.364676,2.31216,-0.266038,0.673473,-0.243813,0.679508,0.158931
17.6843,0.404739,2.51045,-0.270734,0.672992,-0.25308,0.675428,0.163794
17.7511,0.419644,2.72816,-0.278335,0.674874,-0.251,0.67361,0.166718
17.8178,0.435091,2.94525,-0.325021,0.674946,-0.251768,0.673157,0.167095
17.8845,0.452489,3.16734,-0.375523,0.678108,-0.249778,0.671154,0.165328
17.9513,0.467878,3.40582,-0.40519,0.677997,-0.251393,0.671044,0.163772
18.018,0.485306,3.62614,-0.481197,0.680189,-0.248813,0.669944,0.163125
18.0847,0.499561,3.86561,-0.525108,0.681932,-0.248322,0.669893,0.156681
18.1515,0.515139,4.09631,-0.588956,0.68078,-0.254222,0.670567,0.149161
18.2182,0.530375,4.3608,-0.620472,0.677717,-0.258086,0.673959,0.140961
18.2849,0.545745,4.62487,-0.64161,0.671109,-0.270189,0.676985,0.135288
18.3517,0.593619,4.86854,-0.731224,0.6686,-0.269142,0.680016,0.134595
18.4184,0.608735,5.13296,-0.776462,0.664856,-0.271131,0.683579,0.131048
18.4851,0.626752,5.28543,-0.970342,0.667311,-0.272277,0.681167,0.128734
18.5519,0.659313,5.55175,-1.00806,0.670459,-0.270745,0.678605,0.12914
18.6186,0.669005,5.85202,-1.04577,0.6733,-0.267065,0.676467,0.133179
18.6853,0.693467,6.13549,-1.13546,0.674294,-0.271417,0.673521,0.134277
18.7521,0.692156,6.28585,-1.18467,0.675464,-0.27778,0.670049,0.132747
18.8188,0.716097,6.58639,-1.24668,0.677365,-0.28007,0.666834,0.134427
18.8855,0.737586,6.9597,-1.18979,0.675869,-0.28589,0.666413,0.131767
18.9523,0.739326,7.34098,-1.10589,0.671667,-0.295469,0.667337,0.127368
19.019,0.735995,7.59784,-1.18898,0.669445,-0.303722,0.665998,0.126664
19.0857,0.743337,7.87118,-1.24642,0.668267,-0.31117,0.664198,0.124236
19.1525,0.758144,8.18205,-1.30865,0.665915,-0.317261,0.663399,0.125715
19.2192,0.781669,8.508,-1.37884,0.665361,-0.321503,0.661665,0.127005
19.2859,0.783885,8.77625,-1.4283,0.667134,-0.325092,0.657851,0.128369
19.3527,0.792853,9.07231,-1.50131,0.665423,-0.326978,0.659302,0.124972
19.4194,0.806022,9.40535,-1.5672,0.66865,-0.320828,0.659611,0.122023
19.4861,0.877726,9.76119,-1.61054,0.674876,-0.313206,0.658235,0.114766
19.5529,0.893171,10.0608,-1.68673,0.678192,-0.307186,0.660437,0.0975497
19.6196,0.905639,10.3617,-1.76432,0.680041,-0.296051,0.66626,0.0774368
19.6863,0.916612,10.6657,-1.84356,0.682205,-0.277232,0.674278,0.055571
19.7531,0.924471,10.9654,-1.92414,0.682522,-0.261391,0.682023,0.0261442
19.8198,0.929697,11.2662,-2.00623,-0.682865,0.241816,-0.689361,0.00143011
19.8865,0.928916,11.5665,-2.08917,-0.6799,0.221489,-0.6984,0.0302493
19.9533,0.934092,11.8829,-2.17413,-0.674192,0.200824,-0.708417,0.0572749
20.02,0.924295,12.179,-2.25812,-0.670753,0.178971,-0.714483,0.0870244
20.0867,0.907006,12.4735,-2.3445,-0.668219,0.157367,-0.718105,0.11421
20.1535,0.843448,12.7248,-2.46143,-0.662723,0.129537,-0.724186,0.139901
20.2202,0.799661,13.0105,-2.5551,-0.656125,0.0994024,-0.728889,0.168343
20.2869,0.74356,13.2894,-2.65295,-0.648393,0.0729386,-0.731588,0.1976
20.3537,0.674262,13.5622,-2.75309,-0.640321,0.0399539,-0.732598,0.227361
20.4204,0.591276,13.8265,-2.85759,-0.63028,0.00686159,-0.732147,0.258187
20.4871,0.494993,14.0805,-2.96811,-0.617733,-0.0252659,-0.728931,0.293984
20.5539,0.384817,14.3251,-3.08332,-0.604749,-0.062673,-0.722093,0.33005
20.6206,0.260761,14.5588,-3.20331,-0.593042,-0.102935,-0.711755,0.362093
20.6873,0.259329,15.414,-3.7099,-0.578535,-0.147196,-0.704559,0.383702
20.7541,0.117003,15.6414,-3.85332,-0.56502,-0.172236,-0.692881,0.413526
20.8208,-0.0385991,15.8531,-4.0027,-0.546828,-0.201654,-0.683037,0.4402
20.8875,-0.204503,16.0499,-4.15778,-0.526388,-0.230781,-0.669917,0.469966
20.9543,-0.381121,16.2327,-4.31807,-0.505849,-0.262803,-0.65375,0.497656
21.021,-0.570211,16.3983,-4.48503,-0.480598,-0.294024,-0.638572,0.524214
21.0877,-0.891321,16.4447,-4.97183,-0.458394,-0.323966,-0.620919,0.547157
21.1545,-1.09631,16.5717,-5.16103,-0.431031,-0.350536,-0.60708,0.568148
21.2212,-1.30897,16.6809,-5.35824,-0.405925,-0.373534,-0.588543,0.591028
21.2879,-1.53295,16.7716,-5.56288,-0.380172,-0.399602,-0.571247,0.607836
21.3547,-1.66399,16.7443,-5.39923,-0.345283,-0.426708,-0.562877,0.617956
21.4214,-1.92776,16.8,-5.61583,-0.321589,-0.448859,-0.54432,0.631523
21.4881,-2.20192,16.8329,-5.84196,-0.295767,-0.469854,-0.526239,0.644074
21.5549,-2.4843,16.8444,-6.0767,-0.270605,-0.490157,-0.507238,0.655155
21.6216,-2.77092,16.8348,-6.31878,-0.249618,-0.507009,-0.482888,0.668919
21.6883,-3.05427,16.8555,-6.64247,-0.236115,-0.514204,-0.455674,0.687172
21.7551,-3.40227,16.5989,-6.39399,-0.208817,-0.529899,-0.444993,0.691074
21.8218,-3.71872,16.5049,-6.65757,-0.1877,-0.538043,-0.42771,0.701671
21.8885,-3.99743,16.0841,-6.75392,-0.169686,-0.54533,-0.408798,0.711833
21.9553,-4.32195,15.8938,-6.96079,-0.158515,-0.551338,-0.390592,0.719956
22.022,-4.6412,15.7154,-7.25181,-0.139604,-0.562456,-0.378211,0.72188
22.0887,-4.96341,15.5119,-7.55574,-0.129488,-0.570029,-0.36887,0.722658
22.1555,-5.2873,15.2824,-7.87291,-0.120481,-0.57783,-0.362009,0.721488
22.2222,-5.61011,15.0264,-8.20147,-0.117671,-0.581737,-0.357045,0.721286
22.2889,-5.93196,14.7436,-8.54085,-0.113915,-0.586209,-0.35151,0.720987
22.3557,-6.35926,14.2605,-8.62847,-0.112515,-0.587175,-0.348556,0.721855
22.4224,-6.72477,13.9071,-9.00036,-0.110964,-0.593714,-0.338342,0.721606
22.4891,-7.09828,13.5436,-9.31519,-0.118055,-0.591153,-0.331358,0.725812
22.5559,-7.43576,13.136,-9.68067,-0.117319,-0.594666,-0.321628,0.727437
22.6226,-7.53396,13.0016,-10.4194,-0.118863,-0.59958,-0.31276,0.727019
22.6893,-7.84344,12.5685,-10.8217,-0.118015,-0.605286,-0.30585,0.725367
22.7561,-8.20221,11.9585,-11.0883,-0.121218,-0.60651,-0.300611,0.726006
22.8228,-8.57149,11.522,-11.5359,-0.116431,-0.611662,-0.296129,0.724307
22.8895,-8.93567,10.9519,-11.9014,-0.113125,-0.613527,-0.292535,0.724714
22.9563,-9.27121,10.4117,-12.334,-0.108643,-0.616141,-0.287879,0.725047
23.023,-9.60888,9.85051,-12.777,-0.10417,-0.618712,-0.281608,0.725976
23.0897,-10.0137,9.30985,-13.2413,-0.0994531,-0.625696,-0.271154,0.72463
23.1565,-10.3381,8.72102,-13.7052,-0.0932359,-0.629409,-0.261093,0.725935
23.2232,-10.7403,7.90439,-14.11,-0.0855762,-0.631517,-0.252143,0.728208
23.2899,-11.1771,7.17153,-14.6083,-0.0834322,-0.631727,-0.241467,0.731884
23.3567,-11.5264,6.50107,-15.1037,-0.0847131,-0.632111,-0.233017,0.734141
23.4234,-11.9192,5.56872,-15.563,-0.0760198,-0.629284,-0.234054,0.737184
23.4901,-12.2683,4.81123,-16.0735,-0.0777479,-0.630409,-0.227236,0.738176
23.5569,-12.6072,4.0084,-16.5894,-0.0728597,-0.634547,-0.225549,0.735642
23.6236,-12.9362,3.26058,-17.1313,-0.0717681,-0.637235,-0.224724,0.733676
23.6903,-13.2731,2.43531,-17.6662,-0.07706,-0.636675,-0.226579,0.733054
23.7571,-13.6071,1.58494,-18.2113,-0.0822266,-0.634311,-0.231542,0.732992
23.8238,-13.9489,0.674052,-18.763,-0.0848398,-0.634162,-0.235227,0.731648
23.8905,-14.2698,-0.202814,-19.3309,-0.0923547,-0.634476,-0.238842,0.729291
23.9573,-14.5282,-1.17138,-19.928,-0.0959155,-0.634454,-0.242052,0.72779
24.024,-14.8214,-2.11812,-20.5164,-0.11017,-0.631168,-0.242726,0.728405
24.0907,-15.1745,-3.06968,-21.0957,-0.124371,-0.62914,-0.242151,0.728065
24.1575,-15.9179,-5.07497,-21.6684,-0.139293,-0.622615,-0.260265,0.724714
24.2242,-16.2562,-6.13929,-22.2839,-0.146955,-0.622703,-0.271307,0.719053
24.2909,-16.8395,-7.14113,-22.8995,-0.163661,-0.619816,-0.280805,0.714277
24.3577,-17.1951,-8.54958,-23.5682,-0.173966,-0.614203,-0.292406,0.712031
24.4244,-17.545,-9.66602,-24.2047,-0.178519,-0.613663,-0.302379,0.707189
24.4911,-17.9039,-10.8357,-24.8587,-0.192109,-0.608653,-0.311799,0.703859
24.5579,-18.2414,-12.0467,-25.5275,-0.203588,-0.603568,-0.318542,0.701989
24.6246,-18.6114,-13.2605,-26.1992,-0.208461,-0.604868,-0.324838,0.696533
24.6913,-19.1558,-15.6026,-27.0439,-0.21004,-0.601976,-0.328938,0.69664
24.7581,-19.5299,-16.9018,-27.7473,-0.217493,-0.599142,-0.330786,0.695921
24.8248,-19.7065,-18.452,-28.4968,-0.229315,-0.590118,-0.332218,0.699147
24.8915,-20.0794,-19.7518,-29.1835,-0.239301,-0.582273,-0.329982,0.703424
24.9583,-20.4138,-21.1748,-29.8849,-0.243337,-0.579488,-0.329886,0.704384
25.025,-20.7222,-22.6799,-30.6189,-0.240107,-0.578295,-0.327069,0.707777
25.0917,-21.2099,-24.2444,-31.4149,-0.245075,-0.574308,-0.324549,0.710476
25.1585,-21.6502,-25.7246,-32.1706,-0.244521,-0.575217,-0.323399,0.710457
25.2252,-22.0111,-26.465,-32.7317,-0.236971,-0.582339,-0.327088,0.705506
25.2919,-22.4055,-27.9357,-33.4817,-0.238915,-0.580735,-0.327904,0.705794
25.3587,-22.8025,-29.422,-34.2369,-0.239553,-0.582375,-0.326961,0.704663
25.4254,-23.107,-31.2929,-35.0468,-0.237458,-0.586346,-0.3243,0.703308
25.4921,-23.6874,-32.6629,-35.8209,-0.239703,-0.58618,-0.322137,0.703678
25.5589,-23.4503,-33.0509,-36.0987,-0.240761,-0.591876,-0.309261,0.704326
25.6256,-23.7477,-34.3338,-36.7421,-0.241044,-0.594528,-0.30263,0.704875
25.6923,-24.2377,-36.0551,-37.5954,-0.246158,-0.594608,-0.294347,0.706546
25.7591,-25.1027,-37.46,-38.3783,-0.243065,-0.595049,-0.292314,0.708088
25.8258,-25.7435,-39.7422,-39.5961,-0.227846,-0.605007,-0.290509,0.705449
25.8925,-26.1501,-41.3687,-40.3814,-0.233507,-0.60194,-0.280913,0.710092
25.9593,-26.6638,-42.8267,-41.0358,-0.22401,-0.608182,-0.275232,0.710057
26.026,-27.0672,-44.486,-41.8351,-0.214833,-0.615393,-0.269542,0.708862
26.0927,-27.4728,-46.2821,-42.6981,-0.205093,-0.622071,-0.262578,0.708532
26.1595,-27.8918,-47.993,-43.5106,-0.19642,-0.627137,-0.251879,0.710405
26.2262,-28.3402,-49.7396,-44.3214,-0.185998,-0.633142,-0.24177,0.711395
26.2929,-28.8364,-51.5489,-45.1543,-0.176794,-0.637762,-0.229413,0.713704
26.3597,-29.2557,-53.3207,-45.9827,-0.168945,-0.640293,-0.214735,0.717894
26.4264,-29.744,-55.0642,-46.762,-0.157153,-0.643892,-0.197569,0.722269
26.4931,-30.1564,-56.8711,-47.593,-0.148279,-0.642627,-0.175139,0.731006
26.5599,-30.5636,-58.7006,-48.4267,-0.135289,-0.637999,-0.155859,0.741864
26.6266,-30.9679,-60.548,-49.2654,-0.115665,-0.637397,-0.135045,0.74974
26.6933,-31.37,-62.4103,-50.1135,-0.0957358,-0.642691,-0.114574,0.751436
26.7601,-31.7666,-64.29,-50.9662,-0.0781078,-0.649001,-0.0920976,0.751142
26.8268,-32.1544,-66.1892,-51.8238,-0.0545895,-0.65543,-0.078749,0.749153
26.8935,-32.4282,-67.7723,-52.7217,-0.0458729,-0.654433,-0.0636851,0.752035
26.9603,-32.9277,-69.8099,-53.5382,-0.0346334,-0.6548,-0.0525522,0.753177
27.027,-33.2883,-71.7568,-54.4145,-0.0202988,-0.657518,-0.0420567,0.75199
27.0937,-33.6458,-73.8335,-55.2843,-0.0120669,-0.660156,-0.0300974,0.750428
27.1605,-34.0393,-76.1773,-56.1803,-0.00420394,-0.662211,-0.02013,0.749035
27.2272,-34.3953,-77.9493,-57.055,0.00160849,-0.665208,-0.00693267,0.746624
27.2939,-34.3023,-79.9469,-57.8731,-0.00372192,-0.666856,0.0111845,0.745093
27.3607,-34.4529,-81.6507,-58.7698,0.0123119,-0.671133,0.0261391,0.740774
27.4274,-34.7433,-83.6756,-59.6636,0.0146118,-0.675004,0.0432467,0.7364
27.4941,-35.3296,-87.6576,-61.2982,0.0259337,-0.67859,0.0528187,0.732156
27.5609,-35.6194,-89.7869,-62.221,0.0447256,-0.681507,0.0601614,0.727962
27.6276,-35.9075,-91.6894,-63.1086,0.0559173,-0.684083,0.0764485,0.723228
27.6943,-36.3133,-94.2409,-64.2365,0.0705267,-0.686071,0.0972888,0.717543
27.7611,-36.6336,-96.4018,-65.1581,0.0888094,-0.685467,0.11703,0.713128
27.8278,-37.0123,-98.6665,-66.231,0.106712,-0.68374,0.134743,0.709195
27.8945,-37.295,-100.316,-67.1096,0.12548,-0.681359,0.156427,0.703943
27.9613,-37.5009,-102.488,-68.0572,0.141641,-0.679247,0.18051,0.697121
28.028,-37.7155,-105.213,-69.1545,0.155937,-0.675664,0.207378,0.690041
28.0947,-37.9619,-107.125,-70.0463,0.16533,-0.672003,0.231518,0.683724
28.1615,-38.2379,-109.86,-71.1422,0.18592,-0.664572,0.247616,0.680047
28.2282,-38.3089,-111.884,-71.9526,0.197271,-0.656625,0.266691,0.67735
28.2949,-38.445,-114.102,-72.9146,0.211438,-0.652949,0.282814,0.670051
28.3617,-38.5345,-116.794,-74.0001,0.229298,-0.649862,0.295839,0.661499
28.4284,-38.6328,-118.661,-74.8555,0.24889,-0.643722,0.307245,0.655191
28.4951,-38.8155,-120.655,-75.7847,0.258187,-0.641543,0.320707,0.647232
28.5619,-38.7027,-121.676,-76.1549,0.273821,-0.637686,0.334157,0.637744
28.6286,-38.8528,-124.69,-77.3876,0.289705,-0.635613,0.342729,0.628175
28.6953,-38.8903,-126.903,-78.3637,0.29618,-0.632342,0.356031,0.621017
28.7621,-39.068,-129.08,-79.4281,0.302896,-0.629041,0.368549,0.613786
28.8288,-38.9948,-130.439,-80.03,0.308887,-0.627011,0.387187,0.601276
28.8955,-38.9871,-132.636,-81.0008,0.313861,-0.620993,0.404351,0.593598
28.9623,-39.9705,-136.35,-83.1159,0.335964,-0.611601,0.410938,0.586687
29.029,-39.9452,-138.572,-84.1091,0.341965,-0.609744,0.42288,0.57658
29.0957,-40.2579,-140.918,-85.4037,0.352784,-0.602036,0.436079,0.56827
29.1625,-40.4203,-142.973,-86.3707,0.371517,-0.594098,0.442246,0.559858
29.2292,-40.402,-145.092,-87.3502,0.384516,-0.585508,0.453858,0.550764
29.2959,-40.3259,-147.308,-88.3608,0.394937,-0.578054,0.465262,0.541672
29.3627,-40.2995,-149.284,-89.2886,0.411478,-0.567333,0.475816,0.53143
29.4294,-40.2253,-151.438,-90.2912,0.425043,-0.559451,0.486519,0.519281
29.4961,-40.2466,-153.937,-91.4368,0.432396,-0.553891,0.496937,0.509207
29.5629,-42.4283,-158.663,-93.8314,0.433317,-0.554992,0.498742,0.505448
29.6296,-42.2729,-160.856,-94.8003,0.434758,-0.549542,0.511454,0.497397
29.6963,-41.6452,-163.187,-95.533,0.444944,-0.537463,0.522737,0.489801
29.7631,-41.8018,-164.976,-96.4536,0.451956,-0.525655,0.533726,0.484314
29.8298,-41.6637,-167.204,-97.4975,0.455943,-0.519455,0.543193,0.47668
29.8965,-40.9138,-168.521,-97.8355,0.461405,-0.51286,0.554396,0.465538
29.9633,-40.9329,-170.34,-98.7388,0.47806,-0.501571,0.555688,0.459451
30.03,-40.7623,-172.508,-99.777,0.489077,-0.492851,0.559147,0.453052
30.0967,-40.9089,-174.008,-100.612,0.495763,-0.487842,0.560114,0.450001
30.1635,-40.7269,-176.154,-101.655,0.505054,-0.48269,0.561192,0.44384
30.2302,-40.834,-177.209,-102.352,0.503098,-0.483004,0.563365,0.442967
30.2969,-41.1121,-178.742,-103.259,0.50289,-0.483666,0.565385,0.439897
30.3637,-40.9168,-180.84,-104.304,0.503182,-0.483118,0.570173,0.433944
30.4304,-41.4737,-184.625,-105.978,0.504248,-0.483279,0.575108,0.425942
30.4971,-43.2735,-182.694,-105.798,0.497734,-0.48692,0.577219,0.4266
30.5639,-43.0783,-184.747,-106.839,0.50604,-0.480931,0.580554,0.419029
30.6306,-42.8793,-186.793,-107.887,0.505513,-0.482442,0.58536,0.411169
30.6973,-42.6713,-188.828,-108.934,0.506499,-0.4795,0.59074,0.405666
30.7641,-42.5371,-188.91,-109.27,0.519643,-0.469242,0.591301,0.400184
30.8308,-42.2677,-190.714,-110.293,0.523193,-0.46564,0.596261,0.392329
30.8975,-42.563,-192.452,-111.217,0.524008,-0.460784,0.603254,0.386237
30.9643,-42.3962,-194.035,-112.104,0.529534,-0.452055,0.609821,0.378628
31.031,-40.7896,-194.675,-112.085,0.537186,-0.439344,0.621265,0.363919
31.0977,-40.5583,-196.601,-113.129,0.534062,-0.437851,0.628997,0.356969
31.1645,-40.3204,-198.517,-114.173,0.533467,-0.438546,0.633441,0.34906
31.2312,-41.3386,-197.152,-113.596,0.547447,-0.42005,0.632188,0.352417
31.2979,-41.107,-199.029,-114.641,0.55187,-0.411087,0.636083,0.349064
31.3647,-40.9004,-200.229,-115.2,0.557858,-0.402008,0.638013,0.346589
31.4314,-40.7432,-201.981,-116.196,0.563955,-0.396109,0.639141,0.341396
31.4981,-40.5168,-203.808,-117.233,0.563498,-0.394906,0.642599,0.337025
31.5649,-40.787,-205.053,-118.06,0.560907,-0.395141,0.646959,0.332702
31.6316,-40.9827,-206.359,-118.955,0.56177,-0.395727,0.650441,0.323639
31.6983,-40.7543,-208.147,-119.997,0.568558,-0.39398,0.648644,0.317464
31.7651,-41.4603,-208.635,-120.383,0.569861,-0.395381,0.645618,0.319547
31.8318,-41.2334,-210.388,-121.426,0.565683,-0.400564,0.645075,0.321605
31.8985,-41.0028,-212.132,-122.472,0.558595,-0.412652,0.644829,0.319195
31.9653,-40.7633,-213.865,-123.518,0.558186,-0.420249,0.640191,0.319333
32.032,-40.5196,-215.588,-124.562,0.552985,-0.430642,0.637725,0.31947
32.0987,-40.2721,-217.302,-125.604,0.550827,-0.444784,0.630238,0.31868
32.1655,-41.0127,-217.451,-125.943,0.539803,-0.463743,0.625849,0.319169
32.2322,-40.7696,-219.139,-126.98,0.533541,-0.480785,0.619296,0.317257
32.2989,-40.5198,-220.821,-128.019,0.539809,-0.484724,0.610067,0.318539
32.3657,-40.2713,-222.498,-129.062,0.535739,-0.497007,0.601822,0.322145
32.4324,-40.0206,-224.171,-130.105,0.534021,-0.506681,0.591282,0.329367
32.4991,-39.7696,-225.839,-131.149,0.529996,-0.5172,0.580333,0.338854
32.5659,-39.52,-227.506,-132.194,0.521126,-0.531288,0.570464,0.347463
32.6326,-39.2689,-229.17,-133.242,0.511823,-0.544617,0.561726,0.354815
32.6993,-39.0135,-230.832,-134.291,0.502919,-0.558202,0.550637,0.363706
32.7661,-38.7527,-232.495,-135.341,0.49484,-0.571204,0.537257,0.374451
32.8328,-38.4885,-234.158,-136.392,0.480824,-0.589214,0.522265,0.385844
32.8995,-38.2201,-235.822,-137.444,0.465647,-0.60714,0.505902,0.398267
32.9663,-37.9496,-237.489,-138.495,0.444491,-0.629342,0.488231,0.409862
33.033,-37.6751,-239.157,-139.543,0.424739,-0.647662,0.470301,0.423022
33.0997,-37.3969,-240.824,-140.589,0.40919,-0.660272,0.454025,0.436424
33.1665,-37.2248,-242.587,-141.727,0.387242,-0.676555,0.437224,0.448499
33.2332,-36.9383,-244.262,-142.779,0.371135,-0.689557,0.418301,0.46021
33.2999,-36.643,-245.945,-143.829,0.365747,-0.697765,0.397573,0.470414
33.3667,-36.6011,-247.923,-145.087,0.358151,-0.704977,0.377872,0.481611
33.4334,-36.2972,-249.621,-146.142,0.342708,-0.715229,0.358411,0.492484
33.5001,-36.2427,-251.498,-147.426,0.329301,-0.724775,0.337216,0.502541
33.5669,-35.9283,-253.216,-148.485,0.315665,-0.733176,0.318261,0.511389
33.6336,-36.3269,-255.387,-150.192,0.305082,-0.741221,0.294932,0.520127
33.7003,-36.0045,-257.139,-151.261,0.292053,-0.749463,0.277598,0.525309
33.7671,-35.6807,-258.899,-152.33,0.284948,-0.756898,0.259361,0.527865
33.8338,-35.499,-259.537,-152.547,0.264647,-0.767535,0.247635,0.528705
33.9005,-35.1769,-261.306,-153.614,0.252588,-0.774661,0.23618,0.529451
33.9673,-34.8509,-263.09,-154.685,0.242342,-0.779938,0.222188,0.53254
