t,reproj_rms_px,reproj_feats
6.32767,3.47514,17
6.3944,4.98136,90
6.46113,2.81675,93
6.52787,2.47808,38
6.5946,1.85124,4
6.66133,2.68528,5
6.72807,2.23949,7
6.7948,2.60279,17
6.86153,2.82984,19
6.92827,3.69104,20
6.995,4.10103,13
7.06173,3.25814,25
7.12847,3.67928,13
7.1952,3.3177,15
7.26193,2.86528,18
7.32867,4.2339,17
7.3954,2.91454,35
7.46213,2.59462,64
7.52887,2.05905,59
7.5956,2.66022,52
7.66233,3.44212,42
7.72907,3.69981,64
7.7958,4.18768,134
7.86253,5.60234,45
7.92927,5.92558,50
7.996,7.13628,17
8.06273,7.87183,80
8.12947,7.68076,100
8.1962,4.71732,2
8.26293,6.39658,19
8.32967,9.70985,31
8.3964,2.44761,2
8.46313,7.6526,14
8.52987,4.87619,17
8.5966,7.25997,20
8.66333,7.27992,46
8.73007,3.91597,7
8.7968,7.49174,6
8.86353,6.20589,17
8.93027,6.01576,13
8.997,4.07439,12
9.06373,6.54687,17
9.13047,2.65357,17
9.1972,4.79665,14
9.26393,4.01425,3
9.33067,3.26426,8
9.3974,4.71812,52
9.46413,4.54771,38
9.53087,5.82588,52
9.5976,2.09775,0
9.66433,2.49379,66
9.73107,2.79147,24
9.7978,5.23933,13
9.86453,2.31826,18
9.93127,4.74686,35
9.998,4.02746,13
10.0647,2.93337,26
10.1315,3.15223,34
10.1982,2.96552,29
10.2649,3.05453,66
10.3317,7.28252,29
10.3984,2.12734,24
10.4651,2.69171,28
10.5319,3.87093,31
10.5986,5.79889,33
10.6653,5.04617,11
10.7321,5.16439,29
10.7988,2.8775,44
10.8655,3.15502,66
10.9323,3.56853,16
10.999,3.96874,48
11.0657,1.9214,13
11.1325,2.8976,18
11.1992,2.18117,41
11.2659,4.20259,13
11.3327,3.24878,28
11.3994,3.58629,46
11.4661,4.63213,1
11.5329,1.85606,16
11.5996,2.19104,6
11.6663,2.54411,4
11.7331,3.28821,29
11.7998,1.96875,33
11.8665,3.30818,26
11.9333,3.6059,33
12,2.88788,24
12.0667,3.16759,26
12.1335,4.95647,0
12.2002,1.67684,24
12.2669,2.71441,1
12.3337,3.27402,2
12.4004,3.27402,2
12.4671,4.3122,0
12.5339,3.74214,12
12.6006,3.74214,12
12.6673,3.45992,13
12.7341,3.86144,10
12.8008,3.49323,7
12.8675,4.88223,1
12.9343,5.79732,3
13.001,3.81979,16
13.0677,4.78477,5
13.1345,3.94779,5
13.2012,4.45371,15
13.2679,5.67948,7
13.3347,6.20352,23
13.4014,4.03397,27
13.4681,4.1541,13
13.5349,5.34132,3
13.6016,5.31823,24
13.6683,2.87371,15
13.7351,8.74152,1
13.8018,3.21173,12
13.8685,4.73687,1
13.9353,5.8649,16
14.002,3.24781,27
14.0687,3.83146,25
14.1355,5.87466,0
14.2022,3.66824,5
14.2689,3.38177,7
14.3357,4.67325,6
14.4024,5.14557,10
14.4691,4.03832,10
14.5359,4.51158,1
14.6026,3.26416,27
14.6693,2.23253,34
14.7361,2.60043,8
14.8028,4.68951,2
14.8695,3.59639,13
14.9363,1.78792,7
15.003,2.80242,18
15.0697,3.38658,17
15.1365,5.29623,10
15.2032,2.83679,43
15.2699,6.63973,4
15.3367,4.23664,6
15.4034,3.59236,9
15.4701,3.86813,3
15.5369,3.33517,12
15.6036,3.38584,25
15.6703,3.73256,58
15.7371,3.1539,86
15.8038,4.48647,19
15.8705,2.58044,8
15.9373,2.5733,4
16.004,3.37788,26
16.0707,3.53312,22
16.1375,2.93295,17
16.2042,3.07684,29
16.2709,2.13312,8
16.3377,3.19363,15
16.4044,3.16355,60
16.4711,3.37876,31
16.5379,2.92714,41
16.6046,3.79417,21
16.6713,2.33971,33
16.7381,2.74277,21
16.8048,2.38564,25
16.8715,2.38564,25
16.9383,2.48441,36
17.005,2.39135,16
17.0717,1.67677,4
17.1385,2.64942,11
17.2052,2.22443,6
17.2719,1.76407,33
17.3387,0.339248,0
17.4054,2.35186,9
17.4721,2.46609,41
17.5389,1.51757,11
17.6056,2.89866,12
17.6723,1.64259,37
17.7391,2.15312,33
17.8058,3.09654,22
17.8725,1.49831,1
17.9393,1.80934,23
18.006,2.27621,19
18.0727,1.88255,57
18.1395,1.93222,59
18.2062,1.41636,19
18.2729,1.9316,9
18.3397,2.65586,20
18.4064,1.98703,52
18.4731,2.95954,23
18.5399,1.94038,13
18.6066,3.0903,2
18.6733,1.43828,22
18.7401,1.79411,5
18.8068,2.27848,27
18.8735,2.1129,4
18.9403,2.60114,23
19.007,2.77099,19
19.0737,2.41515,43
19.1405,3.35926,32
19.2072,2.10902,20
19.2739,2.90628,75
19.3407,2.04251,0
19.4074,1.0623,23
19.4741,1.9582,30
19.5409,4.05524,5
19.6076,1.94252,7
19.6743,4.18323,40
19.7411,4.88206,37
19.8078,3.30275,29
19.8745,4.60539,69
19.9413,6.89848,19
20.008,10.3517,47
20.0747,5.01623,14
20.1415,2.69883,6
20.2082,5.33902,54
20.2749,6.88473,12
20.3417,5.97908,12
20.4084,7.61933,48
20.4751,11.4628,45
20.5419,7.50392,101
20.6086,6.18434,61
20.6753,9.9417,28
20.7421,7.4705,1
20.8088,7.53991,47
20.8755,9.86841,27
20.9423,6.0772,22
21.009,11.6214,16
21.0757,10.6441,45
21.1425,6.48772,17
21.2092,7.1259,31
21.2759,4.7199,21
21.3427,5.88636,21
21.4094,3.52692,9
21.4761,11.035,6
21.5429,10.6831,7
21.6096,10.6533,5
21.6763,4.05357,2
21.7431,9.01502,24
21.8098,6.03693,25
21.8765,6.16501,20
21.9433,5.35537,8
22.01,3.62091,9
22.0767,4.76178,5
22.1435,3.5246,3
22.2102,3.16296,5
22.2769,2.71852,4
22.3437,2.95943,33
22.4104,3.91483,6
22.4771,3.12661,19
22.5439,1.34948,9
22.6106,3.06646,13
22.6773,1.93419,12
22.7441,2.51552,10
22.8108,3.61726,75
22.8775,1.94675,35
22.9443,2.59784,23
23.011,3.0975,41
23.0777,2.60907,34
23.1445,2.96771,54
23.2112,3.31431,85
23.2779,4.32318,19
23.3447,3.01059,28
23.4114,1.47679,56
23.4781,3.45934,15
23.5449,2.42357,37
23.6116,2.31024,14
23.6783,1.31661,24
23.7451,1.78435,21
23.8118,2.62235,58
23.8785,2.81231,21
23.9453,3.49619,42
24.012,2.28324,37
24.0787,2.39975,30
24.1455,4.22985,26
24.2122,4.04723,12
24.2789,3.42601,36
24.3457,3.42601,36
24.4124,4.15094,6
24.4791,3.03359,2
24.5459,3.53429,2
24.6126,3.53429,2
24.6793,4.78323,8
24.7461,4.78323,8
24.8128,3.4347,7
24.8795,1.0277,0
24.9463,4.07244,9
25.013,1.8077,0
25.0797,4.33424,2
25.1465,2.4624,1
25.2132,3.24872,30
25.2799,3.02488,5
25.3467,3.61789,5
25.4134,4.72385,5
25.4801,3.14206,5
25.5469,4.73296,12
25.6136,2.21217,13
25.6803,3.39536,19
25.7471,3.91079,27
25.8138,3.21247,35
25.8805,4.4171,15
25.9473,5.35946,18
26.014,3.81146,19
26.0807,4.02149,18
26.1475,4.58177,35
26.2142,3.24836,2
26.2809,4.2339,2
26.3477,5.86837,4
26.4144,5.72143,52
26.4811,6.83463,45
26.5479,5.08405,19
26.6146,4.76606,40
26.6813,4.6106,17
26.7481,4.17592,23
26.8148,4.89808,35
26.8815,4.05931,3
26.9483,6.70794,13
27.015,3.60928,23
27.0817,2.33825,6
27.1485,0.818318,2
27.2152,3.93441,14
27.2819,4.50509,35
27.3487,5.50533,15
27.4154,5.28373,9
27.4821,5.28373,9
27.5489,4.7311,11
27.6156,4.57363,36
27.6823,2.70558,4
27.7491,7.52542,27
27.8158,7.15055,32
27.8825,6.75954,26
27.9493,8.16379,25
28.016,4.28183,4
28.0827,4.52124,16
28.1495,6.03483,11
28.2162,6.53978,9
28.2829,5.7256,13
28.3497,7.0153,19
28.4164,2.85047,7
28.4831,5.76437,32
28.5499,5.26615,7
28.6166,1.09235,0
28.6833,7.04476,18
28.7501,5.73741,16
28.8168,4.89603,19
28.8835,4.48872,8
28.9503,3.6654,28
29.017,5.84523,5
29.0837,9.01561,10
29.1505,0.0762804,0
29.2172,7.51498,7
29.2839,2.88074,19
29.3507,3.71304,7
29.4174,5.66556,21
29.4841,2.99224,7
29.5509,4.86704,12
29.6176,5.40411,14
29.6843,4.33823,26
29.7511,0.486234,0
29.8178,2.92177,8
29.8845,5.56004,28
29.9513,4.24308,23
30.018,4.5674,5
30.0847,2.84146,18
30.1515,1.76107,5
30.2182,2.1704,9
30.2849,4.57926,2
30.3517,3.3206,2
30.4184,2.35202,17
30.4851,1.99342,4
30.5519,0.909139,1
30.6186,0.909139,1
30.6853,4.49738,11
30.7521,3.02847,55
30.8188,3.05553,4
30.8855,3.1729,34
30.9523,3.3052,47
31.019,3.10539,32
31.0857,2.64129,60
31.1525,5.33845,54
31.2192,2.71014,66
31.2859,2.52182,28
31.3527,3.31012,14
31.4194,1.65125,2
31.4861,3.81939,5
31.5529,3.76222,50
31.6196,2.95025,5
31.6863,2.97532,14
31.7531,2.96362,18
31.8198,2.83596,26
31.8865,5.17061,30
31.9533,3.79226,26
32.02,3.79292,15
32.0867,3.69185,54
32.1535,2.98106,35
32.2202,3.88137,46
32.2869,3.3726,15
32.3537,3.5503,18
32.4204,4.64441,17
32.4871,2.47437,34
32.5539,5.19952,29
32.6206,3.73713,39
32.6873,4.08552,13
32.7541,3.48089,45
32.8208,6.41131,34
32.8875,7.18782,128
32.9543,6.55041,69
33.021,3.49097,34
33.0877,3.54239,20
33.1545,4.72518,12
33.2212,5.53516,17
33.2879,5.88422,46
33.3547,6.42289,9
33.4214,2.83276,15
33.4881,6.16562,14
33.5549,7.26361,22
33.6216,4.48962,34
33.6883,3.70765,2
33.7551,4.22956,10
33.8218,3.33486,28
33.8885,4.23569,7
33.9553,13.0379,1
34.022,2.59335,5
34.0887,3.50291,8
34.1555,4.37741,11
34.2222,3.82715,8
34.2889,3.96019,13
34.3557,1.6291,18
34.4224,3.17192,24
34.4891,2.68236,27
34.5559,2.65617,20
34.6226,2.4489,22
34.6893,2.34954,8
34.7561,3.25711,12
34.8228,2.99895,32
34.8895,2.89979,53
34.9563,2.67617,19
35.023,2.61712,19
35.0897,1.3782,15
35.1565,3.58096,40
35.2232,2.30219,14
35.2899,3.47758,8
35.3567,4.23705,15
35.4234,5.1629,9
35.4901,1.0072,4
35.5569,2.94664,0
35.6236,6.29662,11
35.6903,3.67466,7
35.7571,4.17731,10
35.8238,3.19167,54
35.8905,2.89361,74
35.9573,2.01292,19
36.024,3.14526,26
36.0907,4.95731,2
36.1575,4.95731,2
36.2242,4.95731,2
36.2909,3.929,4
36.3577,4.34904,19
36.4244,3.06979,21
36.4911,1.64218,7
36.5579,4.41931,28
36.6246,1.24844,2
36.6913,2.14625,20
36.7581,2.75152,56
36.8248,1.94725,7
36.8915,3.12984,35
36.9583,1.73629,2
37.025,3.89249,12
37.0917,5.48421,1
37.1585,4.26905,49
37.2252,2.99438,12
37.2919,3.21904,33
37.3587,4.38934,6
37.4254,3.10575,7
37.4921,3.3435,4
37.5589,1.28122,1
37.6256,3.99334,19
37.6923,4.73152,2
37.7591,3.86428,7
37.8258,3.22378,17
37.8925,2.93517,15
37.9593,2.85724,23
38.026,2.49413,29
38.0927,3.59632,25
38.1595,3.09283,31
38.2262,3.13192,22
38.2929,3.28307,20
38.3597,2.58293,3
38.4264,3.56783,67
38.4931,2.41139,12
38.5599,2.91126,39
38.6266,1.42931,3
38.6933,3.09476,55
38.7601,2.17809,94
38.8268,3.55801,46
38.8935,2.94671,38
38.9603,5.08413,35
39.027,4.65294,91
39.0937,3.57205,21
39.1605,4.32984,97
39.2272,6.05318,54
39.2939,5.42005,81
39.3607,7.0147,97
39.4274,9.49218,51
39.4941,6.09372,42
39.5609,8.89193,15
39.6276,5.59624,41
39.6943,6.65727,71
39.7611,3.56301,19
39.8278,4.14876,5
39.8945,4.38873,30
39.9613,2.50627,10
40.028,3.24362,40
40.0947,1.57697,17
40.1615,2.05681,28
40.2282,2.42847,27
40.2949,4.1974,79
40.3617,5.09306,12
40.4284,5.09306,12
40.4951,3.76222,11
40.5619,3.19709,13
40.6286,4.18765,6
40.6953,2.07257,7
40.7621,4.07202,26
40.8288,2.20285,13
40.8955,3.33916,33
40.9623,2.73518,56
41.029,3.22936,14
41.0957,3.57276,8
41.1625,3.49266,21
41.2292,3.80447,65
41.2959,3.43369,7
41.3627,2.95663,16
41.4294,4.11016,27
41.4961,1.92253,5
41.5629,3.54568,13
41.6296,4.27832,19
41.6963,2.68212,23
41.7631,3.29685,26
41.8298,4.05265,8
41.8965,7.13875,19
41.9633,2.24182,17
42.03,2.66438,5
42.0967,2.37433,7
42.1635,4.6157,3
42.2302,4.36592,11
42.2969,8.31117,115
42.3637,7.07365,59
42.4304,9.88437,114
42.4971,6.00999,51
42.5639,6.61689,40
42.6306,10.7196,131
42.6973,10.807,89
42.7641,9.53331,12
42.8308,13.4785,5
42.8975,9.92529,11
42.9643,13.372,8
43.031,9.70865,56
43.0977,8.68246,12
43.1645,10.8424,28
43.2312,6.24005,12
43.2979,10.6764,26
43.3647,9.81995,23
43.4314,8.98708,34
43.4981,4.21578,9
43.5649,6.44595,34
43.6316,10.1369,45
43.6983,4.3769,52
43.7651,3.87377,66
43.8318,5.87579,45
43.8985,4.46471,42
43.9653,6.54046,8
44.032,5.00693,76
44.0987,3.25059,37
44.1655,4.11131,41
44.2322,4.61948,9
44.2989,3.27994,17
44.3657,3.44771,3
44.4324,4.0041,11
44.4991,3.7816,17
44.5659,3.45908,14
44.6326,3.01919,50
44.6993,3.84226,17
44.7661,4.04447,15
44.8328,2.82576,30
44.8995,3.19262,5
44.9663,3.95511,13
45.033,2.85527,4
45.0997,4.54989,0
45.1665,4.5062,3
45.2332,3.67929,2
45.2999,2.13584,8
45.3667,2.10116,7
45.4334,6.67349,28
45.5001,5.43377,13
45.5669,6.15428,31
45.6336,6.019,66
45.7003,8.24228,0
45.7671,6.45264,19
45.8338,5.83677,2
45.9005,10.9546,8
45.9673,12.4009,21
46.034,10.3621,13
46.1007,11.9844,5
46.1675,10.018,34
46.2342,7.92104,43
46.3009,4.91366,5
46.3677,4.92951,9
46.4344,11.4131,16
46.5011,7.89243,33
46.5679,9.16032,18
46.6346,5.62129,9
46.7013,5.30935,46
46.7681,4.44706,10
46.8348,5.75078,18
46.9015,3.77763,7
46.9683,5.30188,14
47.035,3.73509,13
47.1017,4.90978,14
47.1685,4.51573,24
47.2352,3.33612,14
47.3019,5.66846,16
47.3687,3.58527,28
47.4354,2.88466,4
47.5021,4.55759,41
47.5689,4.6646,0
47.6356,3.39282,9
47.7023,4.23278,29
47.7691,6.39644,68
47.8358,4.08897,48
47.9025,4.32021,62
47.9693,5.52715,23
48.036,3.73582,31
48.1027,3.46361,16
48.1695,5.30985,6
48.2362,1.82767,3
48.3029,4.69348,68
48.3697,3.96089,19
48.4364,3.60138,35
48.5031,6.36655,13
48.5699,4.42316,3
48.6366,5.79083,7
48.7033,5.95306,41
48.7701,6.44722,24
48.8368,4.33946,14
48.9035,4.75421,38
48.9703,3.33904,12
49.037,6.16871,22
49.1037,4.38218,49
49.1705,4.10739,8
49.2372,2.54322,4
49.3039,2.9053,72
49.3707,2.92846,33
49.4374,2.1996,18
49.5041,1.95796,74
49.5709,3.24552,41
49.6376,2.21215,15
49.7043,1.46513,6
49.7711,3.20084,25
49.8378,2.69991,10
49.9045,2.50564,22
49.9713,5.66424,0
50.038,2.8628,1
50.1047,3.33129,36
50.1715,2.36511,18
50.2382,3.09786,18
50.3049,3.48211,26
50.3717,4.18481,31
50.4384,3.4921,30
50.5051,1.67129,11
50.5719,2.57333,11
50.6386,2.29863,12
50.7053,3.26018,16
50.7721,3.12832,52
50.8388,3.93061,37
50.9055,3.34676,19
50.9723,2.72242,25
51.039,2.49252,77
51.1057,4.32249,57
51.1725,5.062,30
51.2392,5.67786,146
51.3059,6.47314,36
51.3727,9.04361,90
51.4394,17.5917,96
51.5061,15.6731,19
51.5729,7.6306,8
51.6396,10.6291,12
51.7063,14.1776,38
51.7731,14.0836,17
51.8398,19.4878,24
51.9065,10.0945,31
51.9733,8.94346,24
52.04,7.97912,22
52.1067,9.29115,45
52.1735,4.92914,6
52.2402,7.68369,11
52.3069,6.46569,26
52.3737,5.40739,25
52.4404,3.20191,15
52.5071,17.0473,18
52.5739,7.01338,30
52.6406,8.45496,52
52.7073,7.56906,31
52.7741,5.92064,23
52.8408,10.2158,17
52.9075,5.81651,38
52.9743,4.02351,31
53.041,4.36801,30
53.1077,3.90245,31
53.1745,2.24499,3
53.2412,2.5483,6
53.3079,6.11657,36
53.3747,2.70543,41
53.4414,3.68042,54
53.5081,3.56305,14
53.5749,3.21528,18
53.6416,3.50632,46
53.7083,3.62807,26
53.7751,3.64912,62
53.8418,4.27724,27
53.9085,3.78584,58
53.9753,3.13921,40
54.042,3.6198,41
54.1087,3.83331,34
54.1755,4.2414,36
54.2422,3.74545,58
54.3089,3.03193,55
54.3757,3.65407,47
54.4424,3.23232,17
54.5091,4.10952,51
54.5759,4.09834,25
54.6426,5.43161,32
54.7093,5.52515,84
54.7761,4.10383,57
54.8428,3.31982,35
54.9095,5.21587,60
54.9763,3.22572,28
55.043,3.68087,42
55.1097,3.21347,62
55.1765,4.34978,79
55.2432,5.31134,34
55.3099,5.84755,39
55.3767,4.20962,67
55.4434,3.32603,21
55.5101,4.36995,8
55.5769,2.61357,3
55.6436,7.8459,9
55.7103,4.95516,2
55.7771,4.49161,14
55.8438,3.32464,22
55.9105,6.82863,8
55.9773,4.63853,32
56.044,4.89406,32
56.1107,3.47286,7
56.1775,2.52343,12
56.2442,6.40116,76
56.3109,4.84975,17
56.3777,7.93988,132
56.4444,7.93988,132
56.5111,7.46448,37
56.5779,6.32815,26
56.6446,7.1468,37
56.7113,7.69563,27
56.7781,7.42378,57
56.8448,7.10671,65
56.9115,5.76447,7
56.9783,6.69784,32
57.045,4.90478,43
57.1117,3.50033,10
57.1785,3.34407,8
57.2452,4.32469,12
57.3119,4.00374,4
57.3787,1.25946,1
57.4454,1.25946,1
57.5121,4.03539,16
57.5789,4.90487,21
57.6456,6.21648,27
57.7123,3.3333,8
57.7791,3.696,18
57.8458,10.7366,10
57.9125,4.70814,26
57.9793,7.16849,13
58.046,5.3191,37
58.1127,4.17043,8
58.1795,4.24474,29
58.2462,5.12163,22
58.3129,2.19811,8
58.3797,2.85222,17
58.4464,3.39153,32
58.5131,2.47922,12
58.5799,3.7005,38
58.6466,3.4932,58
58.7133,2.09739,23
58.7801,3.42347,73
58.8468,3.08387,19
58.9135,6.15499,20
58.9803,3.38119,13
59.047,2.81377,7
59.1137,7.76302,45
59.1805,5.11394,32
59.2472,3.48899,5
59.3139,3.58643,13
59.3807,1.82475,5
59.4474,2.50915,18
59.5141,3.28402,17
59.5809,3.58823,3
59.6476,3.50351,22
59.7143,4.57528,7
59.7811,4.03348,8
59.8478,3.64577,24
59.9145,2.92884,15
59.9813,4.01482,9
60.048,2.71946,14
60.1147,3.3993,10
60.1815,3.72906,87
60.2482,2.31141,19
60.3149,2.31141,19
60.3817,8.71642,11
60.4484,1.99241,1
60.5151,5.57066,16
60.5819,5.89459,25
60.6486,4.40639,41
60.7153,7.39511,169
60.7821,8.50194,76
60.8488,7.1024,41
60.9155,7.32055,21
60.9823,9.3077,85
61.049,6.47743,18
61.1157,2.85371,16
61.1825,3.38818,21
61.2492,3.54413,17
61.3159,5.70411,19
61.3827,6.06229,55
61.4494,4.52901,14
61.5161,1.92218,5
61.5829,4.14045,15
61.6496,4.48966,44
61.7163,3.54789,2
61.7831,4.62038,7
61.8498,3.2995,17
61.9165,2.37762,12
61.9833,5.37448,13
62.05,3.22996,26
62.1167,4.67458,6
62.1835,3.27003,16
62.2502,2.94626,18
62.3169,2.78774,22
62.3837,1.55988,11
62.4504,2.13246,48
62.5171,2.16369,2
62.5839,2.61469,37
62.6506,2.82433,11
62.7173,3.35856,32
62.7841,2.05695,12
62.8508,3.02557,3
62.9175,1.84885,0
62.9843,3.42988,16
63.051,1.25514,0
63.1177,3.21042,5
63.1845,2.34995,30
63.2512,3.58659,5
63.3179,1.35741,7
63.3847,1.17683,17
63.4514,4.12394,39
63.5181,4.08335,59
63.5849,3.45287,96
63.6516,1.57439,38
63.7183,3.88398,16
63.7851,4.12181,34
63.8518,2.31844,68
63.9185,2.85826,43
63.9853,2.30807,20
64.052,3.08973,27
64.1187,2.28618,28
64.1855,3.95408,28
64.2522,2.6885,169
64.3189,2.85639,87
64.3857,3.03529,39
64.4524,4.62858,39
64.5191,4.71622,20
64.5859,3.09146,6
64.6526,2.25806,23
64.7193,2.06272,12
64.7861,2.05361,22
64.8528,2.00972,4
64.9195,2.52361,87
64.9863,2.22047,22
65.053,2.25362,74
65.1197,3.92663,12
65.1865,6.83404,18
65.2532,3.33999,35
65.3199,6.16923,58
65.3867,5.75286,127
65.4534,5.93112,130
65.5201,9.62458,42
65.5869,5.13714,136
65.6536,4.22395,63
65.7203,6.4622,42
65.7871,5.79254,107
65.8538,5.21942,37
65.9205,5.83799,21
65.9873,5.86057,26
66.054,4.80788,47
66.1207,5.68411,16
66.1875,5.69285,27
66.2542,5.43613,13
66.3209,4.45694,7
66.3877,7.87782,18
66.4544,8.44326,51
66.5211,2.10466,6
66.5879,9.91776,35
66.6546,4.74182,9
66.7213,11.5775,67
66.7881,12.4948,43
66.8548,9.18967,23
66.9215,14.5887,11
66.9883,8.46878,30
67.055,9.58794,24
67.1217,9.74465,9
67.1885,6.31792,37
67.2552,8.63463,6
67.3219,9.3176,12
67.3887,8.93706,17
67.4554,6.70188,11
67.5221,12.1059,19
67.5889,6.80974,44
67.6556,5.40933,83
67.7223,4.84655,30
67.7891,5.44968,35
67.8558,4.68217,57
67.9225,2.643,11
67.9893,5.89826,39
68.056,3.13333,1
68.1227,2.88767,2
68.1895,2.24282,8
68.2562,3.31146,15
68.3229,2.69424,24
68.3897,3.8646,35
68.4564,2.58326,12
68.5231,2.45235,26
68.5899,3.39644,33
68.6566,1.61477,3
68.7233,3.64066,11
68.7901,3.27827,33
68.8568,3.13308,12
68.9235,2.73144,14
68.9903,3.39598,38
69.057,1.90294,10
69.1237,3.44275,21
69.1905,5.01789,20
69.2572,5.28286,52
69.3239,3.96497,39
69.3907,3.95473,26
69.4574,5.14059,24
69.5241,5.08781,28
69.5909,4.30816,23
69.6576,7.40052,89
69.7243,7.84921,64
69.7911,10.0122,117
69.8578,11.2042,77
69.9245,12.1543,42
69.9913,9.41443,23
70.058,10.148,35
70.1247,13.2845,38
70.1915,11.3356,126
70.2582,10.9577,75
70.3249,9.19057,38
70.3917,10.8574,70
70.4584,7.55982,31
70.5251,11.0498,16
70.5919,7.00819,33
70.6586,10.4395,1
70.7253,5.95514,4
70.7921,5.26068,13
70.8588,3.14584,22
70.9255,4.75949,19
70.9923,2.68358,18
71.059,6.15755,9
71.1257,5.28103,25
71.1925,4.01281,23
71.2592,3.731,9
71.3259,4.57286,40
71.3927,3.66154,27
71.4594,6.1579,12
71.5261,5.87169,88
71.5929,3.05135,70
71.6596,3.13674,65
71.7263,4.02603,56
71.7931,3.0387,44
71.8598,4.83201,22
71.9265,3.50013,23
71.9933,3.09646,9
72.06,2.60072,45
72.1267,1.5009,6
72.1935,3.06975,15
72.2602,2.56583,17
72.3269,3.22994,36
72.3937,5.50563,3
72.4604,2.70491,5
72.5271,3.91045,7
72.5939,3.31143,12
72.6606,1.59225,2
72.7273,3.37849,23
72.7941,0.795746,1
72.8608,3.58595,19
72.9275,5.62461,47
72.9943,4.05277,36
73.061,5.97646,16
73.1277,5.06104,59
73.1945,5.22816,36
73.2612,3.24551,53
73.3279,3.50112,32
73.3947,5.05945,24
73.4614,4.12841,6
73.5281,2.36589,5
73.5949,4.12178,2
73.6616,2.1189,6
73.7283,2.99743,9
73.7951,3.74793,5
73.8618,6.0418,47
73.9285,2.85287,14
73.9953,2.62189,21
74.062,4.1014,11
74.1287,5.34839,50
74.1955,4.07576,32
74.2622,2.97006,94
74.3289,4.37991,98
74.3957,3.67595,91
74.4624,3.13239,69
74.5291,2.01214,4
74.5959,2.60443,41
74.6626,2.67869,5
74.7293,4.1318,13
74.7961,2.87591,105
74.8628,3.16186,13
74.9295,3.1832,8
74.9963,0.927257,8
75.063,1.74044,7
75.1297,2.66195,6
75.1965,2.88072,37
75.2632,2.43599,3
75.3299,2.49329,8
75.3967,2.77295,21
75.4634,1.98779,18
75.5301,4.10248,5
75.5969,3.92533,31
75.6636,3.69273,10
75.7303,2.13399,45
75.7971,3.57013,20
75.8638,1.49133,3
75.9305,2.82063,23
75.9973,3.98274,16
76.064,3.1093,47
76.1307,6.19418,32
76.1975,4.55525,36
76.2642,6.78317,22
76.3309,5.38071,40
76.3977,7.52921,44
76.4644,4.94351,37
76.5311,5.14553,58
76.5979,7.72362,50
76.6646,10.6381,17
76.7313,7.22938,12
76.7981,6.25446,41
76.8648,4.1775,52
76.9315,4.95426,8
76.9983,3.94497,16
77.065,5.99054,40
77.1317,3.58428,22
77.1985,3.12931,18
77.2652,2.89467,24
77.3319,1.76323,7
77.3987,2.77454,32
77.4654,2.56008,7
77.5321,3.42602,17
77.5989,3.05399,12
77.6656,3.06375,34
77.7323,4.31822,12
77.7991,2.74268,6
77.8658,3.15188,13
77.9325,3.59348,9
77.9993,3.3041,81
78.066,3.47667,39
78.1327,2.86101,17
78.1995,3.0553,40
78.2662,3.33085,47
78.3329,2.97001,12
78.3997,2.82948,6
78.4664,2.75213,10
78.5331,3.95164,12
78.5999,3.99071,21
78.6666,3.48123,23
78.7333,3.48123,23
78.8001,3.36416,35
78.8668,0.669171,0
78.9335,0.669171,0
79.0003,3.47832,32
79.067,1.77212,9
79.1337,3.99737,28
79.2005,3.30127,18
79.2672,3.96716,12
79.3339,2.6769,38
79.4007,4.34513,42
79.4674,3.80552,27
79.5341,2.53322,14
79.6009,6.19754,45
79.6676,5.51003,40
79.7343,3.83075,25
79.8011,3.91267,6
79.8678,9.66696,11
79.9345,10.0675,32
80.0013,8.29196,23
80.068,6.17089,29
80.1347,7.35189,46
80.2015,7.54438,33
80.2682,5.79255,41
80.3349,4.38877,18
80.4017,3.54833,12
80.4684,4.40226,58
80.5351,5.14858,46
80.6019,6.00484,15
80.6686,4.93857,37
80.7353,4.08318,23
80.8021,3.90285,27
80.8688,3.54408,9
80.9355,3.10825,12
81.0023,3.89766,23
81.069,1.56779,7
81.1357,1.9397,9
81.2025,3.11562,17
81.2692,1.12721,3
81.3359,2.97966,37
81.4027,3.19829,57
81.4694,2.21902,18
81.5361,3.6927,44
81.6029,3.18549,16
81.6696,3.33018,38
81.7363,2.06451,17
81.8031,4.11234,9
81.8698,2.76855,10
81.9365,3.40356,9
82.0033,3.52599,13
82.07,1.58421,0
82.1367,1.57845,3
82.2035,2.45531,14
82.2702,3.04753,9
82.3369,3.18387,25
82.4037,2.84965,5
82.4704,3.22851,40
82.5371,3.45931,35
82.6039,3.61949,58
82.6706,3.61949,58
82.7373,3.67402,3
82.8041,3.33283,5
82.8708,2.93082,20
82.9375,2.93082,20
83.0043,2.32883,11
83.071,2.80481,9
83.1377,3.55035,6
83.2045,2.27732,3
83.2712,2.0822,12
83.3379,3.74181,44
83.4047,2.5316,4
83.4714,1.90413,6
83.5381,2.40271,7
83.6049,3.09212,31
83.6716,2.07261,9
83.7383,2.65183,17
83.8051,2.8109,8
83.8718,2.4264,21
83.9385,4.00265,54
84.0053,2.49727,5
84.072,3.33242,20
84.1387,2.96017,5
84.2055,2.46714,2
84.2722,2.21506,3
84.3389,2.57352,3
84.4057,3.03869,12
84.4724,3.06423,21
84.5391,2.59488,37
84.6059,3.29029,25
84.6726,2.88591,32
84.7393,2.9305,12
84.8061,2.90858,13
84.8728,1.91325,10
84.9395,1.92512,19
85.0063,2.36163,38
85.073,3.26544,62
