frame,x,y,z
1.000000000000000000e+00,3.884459605011132410e+00,2.550354543500779614e-01,3.592438599561292190e+00
9.000000000000000000e+00,3.882202456575262417e+00,2.556197984278191782e-01,3.588427584867113662e+00
1.700000000000000000e+01,3.881131502011836876e+00,2.568569607814840117e-01,3.583661831049576030e+00
2.500000000000000000e+01,3.881126442889896833e+00,2.568821299237089018e-01,3.583665047267263759e+00
3.300000000000000000e+01,3.881350343073181719e+00,2.574654183975775279e-01,3.583216853138015523e+00
4.100000000000000000e+01,3.880596555467981990e+00,2.571671799791962476e-01,3.584397037485671955e+00
4.900000000000000000e+01,3.878370549820232327e+00,2.573988500300660731e-01,3.585679960898688456e+00
5.700000000000000000e+01,3.876670812274203293e+00,2.576190282385585339e-01,3.585866427032018411e+00
6.500000000000000000e+01,3.884082173376603997e+00,2.556007174605005594e-01,3.601586313356492486e+00
7.300000000000000000e+01,3.883710379007434987e+00,2.526478203404182166e-01,3.608002226420158109e+00
8.100000000000000000e+01,3.887659341868649143e+00,2.512497390318106927e-01,3.601814694857362831e+00
8.900000000000000000e+01,3.892683050087703212e+00,2.534974862576330201e-01,3.590198367565350601e+00
9.700000000000000000e+01,3.896745965509722076e+00,2.548815816451396321e-01,3.577753465792002263e+00
1.050000000000000000e+02,3.904018124130178791e+00,2.571317244108041744e-01,3.563689313995613173e+00
1.130000000000000000e+02,3.899825016994502125e+00,2.632084018731407071e-01,3.537053524164934792e+00
1.210000000000000000e+02,3.870418611412625332e+00,2.689884127645240097e-01,3.499957737015515491e+00
1.290000000000000000e+02,3.788882287646249569e+00,2.736648293835023948e-01,3.440358872685575609e+00
1.370000000000000000e+02,3.617054415101434550e+00,2.712024191458109468e-01,3.341991420689194303e+00
1.450000000000000000e+02,3.429822921708418626e+00,2.365125273278869400e-01,3.256732942283361965e+00
1.530000000000000000e+02,3.248629726457822553e+00,2.078324891351025494e-01,3.193808452189487834e+00
1.610000000000000000e+02,3.049514213405023710e+00,1.894119885809741333e-01,3.117572888938175968e+00
1.690000000000000000e+02,2.856090693334610187e+00,1.603981171777518200e-01,3.044460846028274936e+00
1.770000000000000000e+02,2.657023203746469164e+00,1.151243779494871139e-01,2.998652986098121698e+00
1.850000000000000000e+02,2.427644848856441939e+00,8.606298691259116340e-02,2.988835098341491303e+00
1.930000000000000000e+02,2.194950854874330837e+00,2.177888669100672484e-02,2.982231254070364379e+00
2.010000000000000000e+02,1.961272252089474755e+00,-2.646800733825151186e-02,2.980176904109632208e+00
2.090000000000000000e+02,1.718403809591865672e+00,-4.888899129521013381e-02,2.977844404682794988e+00
2.170000000000000000e+02,1.492853713217921152e+00,-1.052190610605200222e-01,2.955452632007511404e+00
2.250000000000000000e+02,1.269680579743864612e+00,-1.511599804130210334e-01,2.936629664056619848e+00
2.330000000000000000e+02,1.058432476018606350e+00,-1.783393672776997785e-01,2.914933794040839743e+00
2.410000000000000000e+02,9.119954212678440530e-01,-2.269751369795726392e-01,2.850381631285773043e+00
2.490000000000000000e+02,7.938684722465080279e-01,-2.261351891213926324e-01,2.742294399371524083e+00
2.570000000000000000e+02,7.394480248271888545e-01,-2.099271779004265037e-01,2.603727680777378595e+00
2.650000000000000000e+02,7.047104175710794394e-01,-1.936386240162590033e-01,2.454160175584439774e+00
2.730000000000000000e+02,7.126895552056096150e-01,-1.734364582591870485e-01,2.315813702305601129e+00
2.810000000000000000e+02,7.233302167168764729e-01,-1.424696156580812501e-01,2.157372823710962173e+00
2.890000000000000000e+02,7.496705014864681882e-01,-1.265636874757945507e-01,1.976325110169407928e+00
2.970000000000000000e+02,8.114662317962829663e-01,-1.016429548878586830e-01,1.813258586901990155e+00
3.050000000000000000e+02,9.452348814272525379e-01,-4.770134746531919795e-02,1.675218264962679449e+00
3.130000000000000000e+02,1.120683753153595807e+00,7.140384371331601372e-03,1.570517312299072765e+00
3.210000000000000000e+02,1.292764712182200570e+00,4.034207187624608282e-02,1.511457808838934991e+00
3.290000000000000000e+02,1.483125356822465379e+00,9.399275614270298507e-02,1.445195663923197760e+00
3.370000000000000000e+02,1.683899475896068809e+00,1.458101525731900772e-01,1.392838810273968830e+00
3.450000000000000000e+02,1.905751632520102268e+00,1.710313973493856055e-01,1.352390907298534950e+00
3.530000000000000000e+02,2.125175142737853129e+00,2.267450661824401970e-01,1.328491602364061164e+00
3.610000000000000000e+02,2.347644088322468292e+00,2.891920528753521569e-01,1.323543956662261989e+00
3.690000000000000000e+02,2.566265770136303637e+00,3.143066719980033286e-01,1.321321945519992491e+00
3.770000000000000000e+02,2.773372492023543856e+00,3.610131416534390625e-01,1.298150118219783211e+00
3.850000000000000000e+02,2.976733689260275373e+00,4.215718945503061366e-01,1.240294395899933733e+00
3.930000000000000000e+02,3.159190105755186995e+00,4.588416582855299186e-01,1.154681617452836262e+00
4.010000000000000000e+02,3.306181979939330162e+00,4.958458864119875131e-01,1.062820174052657274e+00
4.090000000000000000e+02,3.442775624653191091e+00,5.393031825836608339e-01,9.617398021245440187e-01
4.170000000000000000e+02,3.554277343528442046e+00,5.703498874434069776e-01,8.448018836061178538e-01
4.250000000000000000e+02,3.640839800534861670e+00,6.008102931279014625e-01,7.113043699362830985e-01
4.330000000000000000e+02,3.677595673192942893e+00,6.337381556829549956e-01,5.691350958042298291e-01
4.410000000000000000e+02,3.668750848673159481e+00,6.509671604113063115e-01,4.117348389397603725e-01
4.490000000000000000e+02,3.649765958110832376e+00,6.601377504310254052e-01,2.465514913782362594e-01
4.570000000000000000e+02,3.624135088970463325e+00,6.765889471769616081e-01,9.238665109258678565e-02
4.650000000000000000e+02,3.608013861744302719e+00,7.044094379450748233e-01,-6.578450168394735231e-02
4.730000000000000000e+02,3.611143747293270145e+00,7.149893014954089576e-01,-2.118631701856914518e-01
4.810000000000000000e+02,3.598019115232264475e+00,7.295428853376971778e-01,-3.646346665299771139e-01
4.890000000000000000e+02,3.582706670792205284e+00,7.542376221992780350e-01,-5.342491409316895146e-01
4.970000000000000000e+02,3.553012747532114268e+00,7.735070956658642860e-01,-7.163548482130832618e-01
5.050000000000000000e+02,3.532223275233177695e+00,7.820527276860472776e-01,-9.122083528569447930e-01
5.130000000000000000e+02,3.523180977922523383e+00,8.127827696263533186e-01,-1.111444640552980756e+00
5.210000000000000000e+02,3.553241915175328725e+00,8.658733005985845832e-01,-1.315522719486283298e+00
5.290000000000000000e+02,3.600065659024782594e+00,8.911216094163758594e-01,-1.527714030139979196e+00
5.370000000000000000e+02,3.640944479401410305e+00,9.241054014625058599e-01,-1.733532169130332479e+00
5.450000000000000000e+02,3.667943500496690046e+00,9.679219787978377010e-01,-1.934502271907697857e+00
5.530000000000000000e+02,3.698519468263863796e+00,9.805101885138929330e-01,-2.139036173059319701e+00
5.610000000000000000e+02,3.702420219339825458e+00,1.003153323975804589e+00,-2.347950108672490988e+00
5.690000000000000000e+02,3.726329909317856792e+00,1.042357632871783624e+00,-2.528654540590916877e+00
5.770000000000000000e+02,3.770040652644290002e+00,1.073755715434470348e+00,-2.716288273756247929e+00
5.850000000000000000e+02,3.813191226588160010e+00,1.099228920179595503e+00,-2.884571013533369310e+00
5.930000000000000000e+02,3.860216534386087250e+00,1.126292801043369485e+00,-3.020812579887040439e+00
6.010000000000000000e+02,3.920556260588027087e+00,1.148652278619813227e+00,-3.137821615671598341e+00
6.090000000000000000e+02,4.002647609328588985e+00,1.175851617466835197e+00,-3.195437504312021115e+00
6.170000000000000000e+02,4.103702274223497426e+00,1.201617696725567397e+00,-3.147247371653173698e+00
6.250000000000000000e+02,4.165094562333519157e+00,1.202236059194401685e+00,-3.013292979401758664e+00
6.330000000000000000e+02,4.174486991769730260e+00,1.182396365108430158e+00,-2.844757756561879347e+00
6.410000000000000000e+02,4.161657092738892949e+00,1.165456394302523568e+00,-2.680728283113416488e+00
6.490000000000000000e+02,4.156394091204394847e+00,1.145905224148773272e+00,-2.503076324629716520e+00
6.570000000000000000e+02,4.146547822649095494e+00,1.100288342162351274e+00,-2.338926094141128953e+00
6.650000000000000000e+02,4.106794804008248256e+00,1.072896551949744648e+00,-2.184512785302103577e+00
6.730000000000000000e+02,4.016673242405107480e+00,1.053773848036676730e+00,-2.032342204660325002e+00
6.810000000000000000e+02,3.920754319679169431e+00,1.006208404259657740e+00,-1.890020104438338899e+00
6.890000000000000000e+02,3.825633324106447297e+00,9.639782299265672316e-01,-1.732476575350547110e+00
6.970000000000000000e+02,3.735897966383681990e+00,9.298068579422245072e-01,-1.547353807645046375e+00
7.050000000000000000e+02,3.657241436503635867e+00,8.764622960981068855e-01,-1.345081409211773993e+00
7.130000000000000000e+02,3.581568759729572005e+00,8.321197301697474957e-01,-1.157124274909252071e+00
7.210000000000000000e+02,3.490480276753193500e+00,8.086492042782668088e-01,-9.779106544803990442e-01
7.290000000000000000e+02,3.430806318769804797e+00,7.656095968369401872e-01,-8.087710185840142341e-01
7.370000000000000000e+02,3.397353929642750181e+00,7.403536181470283806e-01,-6.231763746959252392e-01
7.450000000000000000e+02,3.392057998250473716e+00,7.264206915660884611e-01,-4.197058072604266665e-01
7.530000000000000000e+02,3.409189936698856283e+00,6.843285931549686341e-01,-2.046185110336467272e-01
7.610000000000000000e+02,3.417037799856470492e+00,6.612367173477670113e-01,2.568746075401318746e-02
7.690000000000000000e+02,3.402414121800074298e+00,6.505225568441439510e-01,2.493851509114387299e-01
7.770000000000000000e+02,3.360932769775212936e+00,6.050846536254691488e-01,4.566578004010366509e-01
7.850000000000000000e+02,3.308777958742814995e+00,5.731418980309347377e-01,6.682494605500987062e-01
7.930000000000000000e+02,3.219113461132096177e+00,5.400963605649559129e-01,8.705305090150747827e-01
8.010000000000000000e+02,3.103466228909928404e+00,4.715723392532480407e-01,1.048830169354244335e+00
8.090000000000000000e+02,2.957080868827886011e+00,4.238022916793173778e-01,1.202357804337655489e+00
8.170000000000000000e+02,2.782915751047655206e+00,4.001150890275526062e-01,1.326367936205263387e+00
8.250000000000000000e+02,2.606830003581685595e+00,3.340617521351548214e-01,1.415386473453423832e+00
8.330000000000000000e+02,2.411890126234671250e+00,2.906864153105769843e-01,1.481295688389965504e+00
8.410000000000000000e+02,2.200399286672225507e+00,2.527152399748729961e-01,1.529031304048144246e+00
8.490000000000000000e+02,1.982062897718647410e+00,1.749517553322008367e-01,1.562810405179048567e+00
8.570000000000000000e+02,1.759888471916221997e+00,1.306490092540365522e-01,1.559512990271069821e+00
8.650000000000000000e+02,1.562442075825656751e+00,1.220587931758464334e-01,1.493216230043527215e+00
8.730000000000000000e+02,1.367979962592452248e+00,8.264313774760614906e-02,1.391606984283051185e+00
8.810000000000000000e+02,1.183017948208210157e+00,7.003741769682361729e-02,1.284121060683293791e+00
8.890000000000000000e+02,9.833794053890484443e-01,5.124335103857990265e-02,1.185019929879992606e+00
8.970000000000000000e+02,8.026933012951293911e-01,8.572732563023184940e-03,1.082644226039083168e+00
9.050000000000000000e+02,6.435809587972478596e-01,6.496405820272799572e-03,9.636943737289799250e-01
9.130000000000000000e+02,5.136709437674620293e-01,5.756859876901102534e-03,8.543474190519378952e-01
9.210000000000000000e+02,4.040533882226314266e-01,-6.428878473240032948e-03,7.122076659320975001e-01
9.290000000000000000e+02,3.088399271733769935e-01,-1.185230897439395852e-02,5.614444132408413779e-01
9.370000000000000000e+02,2.346431503134897012e-01,9.072825250206813675e-04,4.188479189818831161e-01
9.450000000000000000e+02,1.995382196799306562e-01,1.361511632161295331e-02,3.005079565893839511e-01
9.530000000000000000e+02,1.845723111333661404e-01,2.732235522610816994e-02,1.736030517159679876e-01
9.610000000000000000e+02,1.766021543857794196e-01,6.107878616661787524e-02,-1.183149093545145247e-02
9.690000000000000000e+02,1.713699497548766271e-01,7.072551279485493614e-02,-2.469579806866346872e-01
9.770000000000000000e+02,1.537022798430082438e-01,9.086929094430115650e-02,-4.432332133850631628e-01
9.850000000000000000e+02,9.294706142257180836e-02,9.772821193729040734e-02,-5.988895048378334307e-01
9.930000000000000000e+02,-2.536740737748910748e-02,7.445050629659505370e-02,-7.122895352572208294e-01
1.001000000000000000e+03,-1.393534599613631964e-01,5.932023841603574488e-02,-8.087854746014213614e-01
1.009000000000000000e+03,-2.614077985771683377e-01,5.364824340755784682e-02,-9.079523793605942528e-01
1.017000000000000000e+03,-3.699808380132754704e-01,5.256970647918850909e-02,-9.972203872276583780e-01
1.025000000000000000e+03,-4.846217641449691027e-01,5.016705970854802576e-02,-1.072480748020176788e+00
1.033000000000000000e+03,-6.024429149509192838e-01,6.798491164672117171e-02,-1.122744954045685306e+00
1.041000000000000000e+03,-7.675846017366431129e-01,8.929975098043198278e-02,-1.145583193499268848e+00
1.049000000000000000e+03,-9.759730103132887580e-01,1.001504369658649807e-01,-1.160278410971944840e+00
1.057000000000000000e+03,-1.167481896173550693e+00,1.106270247305316812e-01,-1.187670362009297209e+00
1.065000000000000000e+03,-1.345350484874132890e+00,1.231301444206174406e-01,-1.236357893586374601e+00
1.073000000000000000e+03,-1.506785592383139027e+00,8.378892438105207952e-02,-1.290716697632451559e+00
1.081000000000000000e+03,-1.653126302224376065e+00,3.351509988377392862e-02,-1.339107641773552348e+00
1.089000000000000000e+03,-1.847015714721602642e+00,-2.176874240938228913e-02,-1.399880920274678919e+00
1.097000000000000000e+03,-2.046665591301750187e+00,-1.336611129769402773e-01,-1.458553188677312651e+00
1.105000000000000000e+03,-2.223776369455359170e+00,-2.272828797091380471e-01,-1.512975311911873622e+00
1.113000000000000000e+03,-2.396196183317182093e+00,-2.906739356272477481e-01,-1.574726161029157634e+00
1.121000000000000000e+03,-2.581919102906160113e+00,-3.609051293409804018e-01,-1.638087415191407992e+00
1.129000000000000000e+03,-2.794673589829384852e+00,-3.976946765398730044e-01,-1.688490341701704311e+00
1.137000000000000000e+03,-3.011431227899489915e+00,-4.247793389556870358e-01,-1.708358133295668324e+00
1.145000000000000000e+03,-3.232256233307927218e+00,-4.867196911046297036e-01,-1.731360128800442988e+00
1.153000000000000000e+03,-3.468102270816873389e+00,-5.282564977190203903e-01,-1.782827077070409993e+00
1.161000000000000000e+03,-3.679676473326149111e+00,-5.456453281695466950e-01,-1.863713028161539942e+00
1.169000000000000000e+03,-3.879392929871258389e+00,-5.776186223560018096e-01,-1.980634745733494961e+00
1.177000000000000000e+03,-4.067913573711186892e+00,-5.838653716545796346e-01,-2.120995022266861874e+00
1.185000000000000000e+03,-4.210765038080770850e+00,-5.863619299832882881e-01,-2.273642794473974327e+00
1.193000000000000000e+03,-4.315903532203243742e+00,-5.954851048549538728e-01,-2.465192113694003151e+00
1.201000000000000000e+03,-4.393278827281768883e+00,-5.663808715245239878e-01,-2.674856766085499604e+00
1.209000000000000000e+03,-4.431150470083213833e+00,-5.408414709647352270e-01,-2.898194811480858224e+00
1.217000000000000000e+03,-4.465972834382855083e+00,-5.309746134840263032e-01,-3.130319992073907542e+00
1.225000000000000000e+03,-4.479245245060242908e+00,-4.942435452423880604e-01,-3.343131840598745352e+00
1.233000000000000000e+03,-4.485284418494121184e+00,-4.667192473137677378e-01,-3.571422035053383404e+00
1.241000000000000000e+03,-4.484867419334548799e+00,-4.469213835408063495e-01,-3.781904539293048373e+00
1.249000000000000000e+03,-4.462572425456087899e+00,-4.071294862789565649e-01,-3.969554897984777675e+00
1.257000000000000000e+03,-4.404750238634967729e+00,-3.751912241660218528e-01,-4.137973247030005908e+00
1.265000000000000000e+03,-4.345115546686447061e+00,-3.513740503804371196e-01,-4.287300244498840840e+00
1.273000000000000000e+03,-4.259237422127753803e+00,-3.171596519683091975e-01,-4.392245385989371087e+00
1.281000000000000000e+03,-4.153585442787575133e+00,-3.047798390780933064e-01,-4.400545200656341471e+00
1.289000000000000000e+03,-4.081807826980965892e+00,-3.042638738500672013e-01,-4.309236408336838409e+00
1.297000000000000000e+03,-4.105055236567877408e+00,-3.262199734758727820e-01,-4.141514500396248799e+00
1.305000000000000000e+03,-4.156362548056733885e+00,-3.529782961272537878e-01,-3.955022176393890199e+00
1.313000000000000000e+03,-4.224925486132982577e+00,-3.863830743797632139e-01,-3.741055577296449997e+00
1.321000000000000000e+03,-4.268145732547387716e+00,-4.084119013998721015e-01,-3.524284664406691636e+00
1.329000000000000000e+03,-4.284340780993548314e+00,-4.599603361783451416e-01,-3.307242920860614444e+00
1.337000000000000000e+03,-4.307778186276340016e+00,-5.056870410605132093e-01,-3.092221381439550942e+00
1.345000000000000000e+03,-4.362612712284496652e+00,-5.281344916731388617e-01,-2.875676125521779536e+00
1.353000000000000000e+03,-4.413623747496930427e+00,-5.676577030509415422e-01,-2.678006631701655316e+00
1.361000000000000000e+03,-4.421579672412719653e+00,-5.907568247160812636e-01,-2.471488244957507074e+00
1.369000000000000000e+03,-4.371756152234537396e+00,-5.856063463571279382e-01,-2.266021129605160667e+00
1.377000000000000000e+03,-4.254965119327561496e+00,-6.093757585200433313e-01,-2.082293773335849973e+00
1.385000000000000000e+03,-4.089023227068093291e+00,-5.961564510387349358e-01,-1.921468879630399140e+00
1.393000000000000000e+03,-3.887162276213792733e+00,-5.591217866913290591e-01,-1.789550993781327648e+00
1.401000000000000000e+03,-3.670399510959008627e+00,-5.503188275160426635e-01,-1.700833305710809595e+00
1.409000000000000000e+03,-3.444525766011989010e+00,-4.912181400691672528e-01,-1.656669438467775590e+00
1.417000000000000000e+03,-3.206447806018259961e+00,-4.560592035395307220e-01,-1.654178830292385660e+00
1.425000000000000000e+03,-2.946529678058585233e+00,-4.144223762234327535e-01,-1.680795482774414040e+00
1.433000000000000000e+03,-2.717729240806130431e+00,-3.517695515132250872e-01,-1.711854081752089529e+00
1.441000000000000000e+03,-2.489036052328740034e+00,-3.073963161618359918e-01,-1.762939510270447707e+00
1.449000000000000000e+03,-2.304965163190570987e+00,-2.541448523174950069e-01,-1.861959839438180664e+00
1.457000000000000000e+03,-2.175327311365072624e+00,-1.984747790245158794e-01,-1.987533924427235199e+00
1.465000000000000000e+03,-2.066735729044214764e+00,-1.752998600690433006e-01,-2.154364055248459753e+00
1.473000000000000000e+03,-1.988419752976165578e+00,-1.380655452138869199e-01,-2.339760524932010810e+00
1.481000000000000000e+03,-1.926633009594059365e+00,-8.613247259500846076e-02,-2.531153440840604230e+00
1.489000000000000000e+03,-1.857175555905525632e+00,-6.469675145161431218e-02,-2.744931977708341186e+00
1.497000000000000000e+03,-1.824524458187752218e+00,-2.561415091051132131e-02,-2.951596501872244094e+00
1.505000000000000000e+03,-1.813010945889582892e+00,1.788782731130207984e-02,-3.178478083245809493e+00
1.513000000000000000e+03,-1.800030860603230920e+00,2.424518118886686766e-02,-3.418360837659903950e+00
1.521000000000000000e+03,-1.778875266860893145e+00,5.896214763509256829e-02,-3.616630273304152876e+00
1.529000000000000000e+03,-1.746062866287713566e+00,9.124340881023725036e-02,-3.776641955328912115e+00
1.537000000000000000e+03,-1.686093389451673419e+00,1.295914248863572760e-01,-3.900100675732766309e+00
1.569000000000000000e+03,-1.571689300314846216e+00,1.084993073376330497e-01,-3.683633128751776287e+00
1.577000000000000000e+03,-1.649562351807122296e+00,7.042527790908779950e-02,-3.519476632225680302e+00
1.585000000000000000e+03,-1.702019944709001864e+00,5.472719092902498389e-02,-3.346757365744938539e+00
1.593000000000000000e+03,-1.732299078232756084e+00,3.910024984937227055e-02,-3.139783689093628816e+00
1.601000000000000000e+03,-1.739431859863957541e+00,4.173972022145821387e-03,-2.919134008527281665e+00
1.609000000000000000e+03,-1.752496612144323063e+00,-4.402726604899348528e-02,-2.687632661083824370e+00
1.617000000000000000e+03,-1.768615354228709524e+00,-6.739567732256601662e-02,-2.461753937366046863e+00
1.625000000000000000e+03,-1.791860696463878355e+00,-1.146891424745276333e-01,-2.213997161667834224e+00
1.633000000000000000e+03,-1.810665679171790110e+00,-1.319726932718246204e-01,-2.009007152391640183e+00
1.641000000000000000e+03,-1.809067740598718110e+00,-8.256437547713933733e-02,-1.785667238778707144e+00
1.649000000000000000e+03,-1.759127612377865635e+00,-3.249324439342281268e-02,-1.601331431215808454e+00
1.657000000000000000e+03,-1.679649797485967211e+00,9.257837298964949682e-03,-1.417455660100539694e+00
1.665000000000000000e+03,-1.544933438543281135e+00,6.275941337374121853e-02,-1.241152143565616539e+00
1.673000000000000000e+03,-1.377302023643063755e+00,7.073906702737563224e-02,-1.046008765780776617e+00
1.681000000000000000e+03,-1.217850732518335866e+00,9.222624490974690170e-02,-8.586055259267992845e-01
1.689000000000000000e+03,-1.087881253278389693e+00,1.216712168853738563e-01,-6.779620573562488151e-01
1.697000000000000000e+03,-9.808691776837744625e-01,1.296599366710994850e-01,-4.756244193787390606e-01
1.705000000000000000e+03,-9.576533247325698106e-01,1.199880430467341191e-01,-2.807536038451475258e-01
1.713000000000000000e+03,-9.843349190320167530e-01,6.501853466424525885e-02,-1.092764924345576011e-01
1.721000000000000000e+03,-1.007821429010707703e+00,-2.880283899023597036e-02,4.290616230708384216e-02
1.729000000000000000e+03,-1.029407554704131478e+00,-1.161023029377747928e-01,1.845382883862046464e-01
1.737000000000000000e+03,-1.074832642558048335e+00,-1.853126212783774707e-01,3.339293436959664407e-01
1.745000000000000000e+03,-1.114237028271586993e+00,-2.515978469411140894e-01,5.058923036164956200e-01
1.753000000000000000e+03,-1.178378363417205588e+00,-3.075338771551853201e-01,6.607365493944533652e-01
1.761000000000000000e+03,-1.277703105733885458e+00,-3.509505657832157066e-01,8.307671613965309509e-01
1.769000000000000000e+03,-1.377436697009097655e+00,-4.129779920434141771e-01,9.981171225396844315e-01
1.777000000000000000e+03,-1.470983106623116266e+00,-4.405783089445619582e-01,1.203294669723850907e+00
1.785000000000000000e+03,-1.550383769158830471e+00,-4.741919374505320084e-01,1.413489355615197951e+00
1.793000000000000000e+03,-1.649099711541723634e+00,-5.349463020070942543e-01,1.640036967865099449e+00
1.801000000000000000e+03,-1.758441089550503378e+00,-5.749377337780905428e-01,1.850769606277147483e+00
1.809000000000000000e+03,-1.874172149724192993e+00,-6.122886016592066216e-01,2.028221103133010406e+00
1.817000000000000000e+03,-1.993058712061435589e+00,-6.589257880927826827e-01,2.194961136422150627e+00
1.825000000000000000e+03,-2.128200669251855359e+00,-6.950041468620259399e-01,2.318614073287142752e+00
1.833000000000000000e+03,-2.279797938013850001e+00,-7.434169726881596496e-01,2.374580801634664784e+00
1.841000000000000000e+03,-2.437518440076782866e+00,-7.651365798932026063e-01,2.323611676053381814e+00
1.849000000000000000e+03,-2.578700793215253029e+00,-7.587308581787890471e-01,2.195417042939544316e+00
1.857000000000000000e+03,-2.695412444671015262e+00,-7.653997527028444381e-01,2.044691527292594735e+00
1.865000000000000000e+03,-2.816802378769631687e+00,-7.653180243750504763e-01,1.899354885764060308e+00
1.873000000000000000e+03,-2.969346811980426271e+00,-7.667916158139693739e-01,1.800924953794791561e+00
1.881000000000000000e+03,-3.143357961309760196e+00,-8.135581262042193007e-01,1.706519213867429219e+00
1.889000000000000000e+03,-3.320098002298797812e+00,-8.442528350318604380e-01,1.611825948136710318e+00
1.897000000000000000e+03,-3.493611333569127453e+00,-8.433744867343512253e-01,1.483223726368129824e+00
1.905000000000000000e+03,-3.656812846983958032e+00,-8.609771895252494867e-01,1.331066730479202098e+00
1.913000000000000000e+03,-3.809519986638991718e+00,-8.766651682171210380e-01,1.189648609239982724e+00
1.921000000000000000e+03,-3.957573136684181758e+00,-8.771149205059386444e-01,1.048836469007778716e+00
1.929000000000000000e+03,-4.112343193306963407e+00,-9.066431908482488478e-01,8.907335159324131224e-01
1.937000000000000000e+03,-4.249602035962662505e+00,-9.074672931117813146e-01,7.143810230042692000e-01
1.945000000000000000e+03,-4.348879025673577203e+00,-8.857298983345147647e-01,5.325741683953971739e-01
1.953000000000000000e+03,-4.422539194300360244e+00,-8.805052438060195774e-01,3.448111810194696703e-01
1.961000000000000000e+03,-4.447395940619672139e+00,-8.632373906539096975e-01,1.678087173145971778e-01
1.977000000000000000e+03,-4.356799619521064315e+00,-8.174299315135777899e-01,-1.281642184772949222e-01
1.985000000000000000e+03,-4.252614810656567101e+00,-7.918290567596981688e-01,-1.486208603254396687e-01
1.993000000000000000e+03,-4.190225090625125048e+00,-7.906402181570767462e-01,-6.525077554037397864e-02
2.001000000000000000e+03,-4.156660200065565469e+00,-8.041595639743618351e-01,9.419000861604048813e-02
2.009000000000000000e+03,-4.176047166249004405e+00,-8.211167908019413320e-01,2.771960488766186947e-01
2.017000000000000000e+03,-4.207728357782055006e+00,-8.529500722085138209e-01,4.441178707738042686e-01
2.025000000000000000e+03,-4.194737240655694421e+00,-8.663808187390142912e-01,6.139798257827345784e-01
2.033000000000000000e+03,-4.175777327116117377e+00,-9.015580976992607631e-01,8.037725858281072888e-01
2.041000000000000000e+03,-4.153954212621216335e+00,-9.231976148156662010e-01,1.017593585114850541e+00
2.049000000000000000e+03,-4.169781467819684728e+00,-9.354357381485479683e-01,1.225317355279631704e+00
2.057000000000000000e+03,-4.210706985647986400e+00,-9.670936051368423936e-01,1.433455203621698093e+00
2.065000000000000000e+03,-4.242157056879324983e+00,-1.008927750966169601e+00,1.639171348625015234e+00
2.073000000000000000e+03,-4.258938392514517446e+00,-1.029594566448565063e+00,1.838619656770869915e+00
2.081000000000000000e+03,-4.248233791986961272e+00,-1.058137262756759789e+00,2.022426706107232075e+00
2.089000000000000000e+03,-4.227604084035167631e+00,-1.089755578417300086e+00,2.167983558238392394e+00
2.097000000000000000e+03,-4.205933196405150731e+00,-1.079363736249113970e+00,2.228881722999629833e+00
2.105000000000000000e+03,-4.149917286524410720e+00,-1.080909292464648397e+00,2.244137531655835183e+00
2.113000000000000000e+03,-4.085151122057706807e+00,-1.047606602675775989e+00,2.167973352765645512e+00
2.121000000000000000e+03,-4.029272077586607104e+00,-1.017377136966673756e+00,2.023099526016734817e+00
2.129000000000000000e+03,-3.937183525120750094e+00,-9.831005085128124987e-01,1.869241358166397360e+00
2.137000000000000000e+03,-3.805104898960706361e+00,-9.334994249664619881e-01,1.730103831941035564e+00
2.145000000000000000e+03,-3.635196664143663270e+00,-8.737208936955982441e-01,1.639932707874291129e+00
2.153000000000000000e+03,-3.407259338186944486e+00,-8.286168461692818843e-01,1.582371971752410733e+00
2.161000000000000000e+03,-3.165244255703334009e+00,-7.869003158010408061e-01,1.526911811767736271e+00
2.169000000000000000e+03,-2.913479292290213074e+00,-7.092268168790141214e-01,1.457038105119560889e+00
2.177000000000000000e+03,-2.647186198760612896e+00,-6.743176990744689236e-01,1.382167451710382799e+00
2.185000000000000000e+03,-2.405198471865006571e+00,-6.224660133563467701e-01,1.309142466526442394e+00
2.193000000000000000e+03,-2.193647585039125048e+00,-5.539341622533114906e-01,1.232404825710976537e+00
2.201000000000000000e+03,-1.972100605086110958e+00,-5.089568521728047301e-01,1.127885445211772586e+00
2.209000000000000000e+03,-1.789056583594120564e+00,-4.293199801833222362e-01,1.003827518686769560e+00
2.217000000000000000e+03,-1.628986430964076471e+00,-3.358608219587629895e-01,8.500497813157075200e-01
2.225000000000000000e+03,-1.476941165428031111e+00,-2.732907983954773190e-01,6.914194471893528871e-01
2.233000000000000000e+03,-1.336326209650790631e+00,-1.834239272214795713e-01,5.306425237513650028e-01
2.241000000000000000e+03,-1.195115307357262902e+00,-1.013617895709241906e-01,3.507294823190184596e-01
2.249000000000000000e+03,-1.077630945996858713e+00,-2.538297469913606066e-02,1.682736150565924682e-01
2.257000000000000000e+03,-9.799057624166199743e-01,4.758269138555486222e-02,-3.754438197103503183e-02
2.265000000000000000e+03,-8.705650049558040227e-01,8.780349434809903153e-02,-2.919637672404163942e-01
2.273000000000000000e+03,-7.580265053581279888e-01,1.173345388777350118e-01,-5.225162945458907693e-01
2.281000000000000000e+03,-6.009639169678625548e-01,1.596327274683710384e-01,-7.110552365560421917e-01
2.289000000000000000e+03,-4.174957846431024411e-01,1.814989868484026270e-01,-8.772711625897997578e-01
2.297000000000000000e+03,-2.199983827482222265e-01,1.999303313465878862e-01,-9.559293780713868927e-01
2.305000000000000000e+03,1.487962046240310851e-02,2.260880588675764913e-01,-1.063980009803344284e+00
2.313000000000000000e+03,2.298464649725998343e-01,2.403013408766019876e-01,-1.128994293281143646e+00
2.321000000000000000e+03,4.681814107746627984e-01,2.654668052625604457e-01,-1.161290635874764110e+00
2.329000000000000000e+03,7.232315515786348348e-01,3.006736481950409989e-01,-1.150627032364970770e+00
2.337000000000000000e+03,9.952370624592163928e-01,3.507904640901726157e-01,-1.151945962027966841e+00
2.345000000000000000e+03,1.263433737468420581e+00,4.262795404200163674e-01,-1.154258501190067232e+00
2.353000000000000000e+03,1.557308151897485171e+00,4.646980616826844046e-01,-1.151829182255223127e+00
2.361000000000000000e+03,1.840634228177533860e+00,5.204732913600631505e-01,-1.122733910621927622e+00
2.369000000000000000e+03,2.100094612423709872e+00,5.897439846745301528e-01,-1.076652497790995477e+00
2.377000000000000000e+03,2.379407704415914093e+00,6.184667164653077087e-01,-1.008834785440752668e+00
2.385000000000000000e+03,2.641516151124036149e+00,6.789791956936450656e-01,-9.046907541977269318e-01
2.393000000000000000e+03,2.886553184950672257e+00,7.061354596559235031e-01,-7.634472754677588124e-01
2.401000000000000000e+03,3.117009580538439018e+00,7.205455923754660041e-01,-5.613101876562304193e-01
2.409000000000000000e+03,3.266372493845944636e+00,7.425461312070087416e-01,-3.336214073084147191e-01
2.417000000000000000e+03,3.384453565090122407e+00,7.237072865364130303e-01,-8.294577217065034203e-02
2.425000000000000000e+03,3.468889007778133582e+00,7.142234858790541541e-01,1.823824325349802100e-01
2.433000000000000000e+03,3.523554142076673834e+00,6.982193334518027594e-01,4.664768801827581801e-01
2.441000000000000000e+03,3.560346789574064807e+00,6.521789400562076899e-01,7.552092244380067543e-01
2.449000000000000000e+03,3.550673180319377398e+00,6.277875732642351769e-01,1.040454233098095704e+00
2.457000000000000000e+03,3.525917813373035337e+00,5.884659989172874583e-01,1.316671672458397557e+00
2.465000000000000000e+03,3.504464036302450847e+00,5.400861089954871463e-01,1.585590799324569478e+00
2.473000000000000000e+03,3.487479243970099230e+00,5.194273498161704472e-01,1.854881428473412530e+00
2.481000000000000000e+03,3.502889624871436069e+00,4.759905879628718584e-01,2.119345531310167008e+00
2.489000000000000000e+03,3.506677242104169867e+00,4.384642421039374738e-01,2.378594417742668998e+00
2.497000000000000000e+03,3.506192164125958577e+00,4.204805787938853956e-01,2.636164383809904699e+00
2.505000000000000000e+03,3.512301203842665309e+00,3.700386192743295166e-01,2.881492112168793085e+00
2.513000000000000000e+03,3.533973036803693901e+00,3.540594076675486201e-01,3.121280777675210505e+00
2.521000000000000000e+03,3.570700107932304412e+00,3.305046098065194116e-01,3.311517290375609157e+00
2.529000000000000000e+03,3.605428586038645022e+00,3.027918721000540381e-01,3.466665102767533035e+00
2.537000000000000000e+03,3.642460790537957127e+00,2.911596629627001276e-01,3.557480315083592970e+00
2.545000000000000000e+03,3.640745190949488563e+00,2.823492230367217748e-01,3.602725354654577217e+00
